ACAROINA X   1/4 L,sin marca,660
ACAROINA X  1/2 L,sin marca,1196
ACAROINA X 1 L,sin marca,2310
ACAROINA X 1 L (+5 L),sin marca,2228
ACEITE CADENA CHICO,walker,1352
ACEITE CADENA GRANDE,walker,1730
ACEITE ESENCIAL X 10 ML,saphirus,608
ACONDICIONADOR SACHET 10 ML X 24 U,pantene,920
ACONDICIONADOR T/PANTENE X 1 L,sin marca,518
ACONDICIONADOR X 190 ML,sedal,475
ACONDICIONADOR X 900,polyana,375
ADHESIVO INODOROS,lysoform,333
ADHESIVO INODOROS,pato purific,306
ALCOHOL AERO X 143,aktiol,375
ALCOHOL AUTO X 143,walker,732
ALCOHOL CON ATOMIZADOR X 500,procleanex,279
ALCOHOL GEL TAPA CLICK X 200,sin marca,202
ALCOHOL GEL TAPA CLICK X 250,higiemax,102
ALCOHOL GEL X 1 L,sin marca,761
ALCOHOL GEL X 1 L  (+5 L),sin marca,735
ALCOHOL GEL X 1 L (+20 L),sin marca,709
ALCOHOL GEL X 1 L (+50 L),sin marca,683
ALCOHOL X 1 L,sin marca,693
ALCOHOL X 1 L  (+5 L),sin marca,668
ALCOHOL X 1 L (+20 L),sin marca,668
ALCOHOL X 1 L (+50 L),sin marca,619
ALCOHOL X 500 ML,frau,449
ALFOMBRA (100),texcarpet,878
ALFOMBRA (300),texcarpet,1448
ALFOMBRA (800),texcarpet,1419
ALFOMBRA ANTIDESLIZANTE CHICA,sin marca,834
ALFOMBRA ANTIDESLIZANTE GRANDE,sin marca,995
ALFOMBRA ANTIDESLIZANTE MEDIALUNA,sin marca,2312
ALFOMBRA BAÑO CAMELLOS (AR1561CP),kinor,2368
ALFOMBRA BAÑO COLOR LISA,bath mat,1576
ALFOMBRA BAÑO ECO,zagoma,1458
ALFOMBRA BAÑO TRANSPARENTE,bath mat,1662
ALFOMBRA BAÑO TRANSPARENTE COLOR,bath mat,1662
ALFOMBRA BASE GOMA (AM011/1),kinor,3332
ALFOMBRA BASE GOMA (AM011/6),kinor,3332
ALFOMBRA MEMORY INFANTIL (AR2733ST),kinor,2779
ALFOMBRA RULOS LISA CRUDO (AR650L),kinor,2502
ALFOMBRA RULOS LISA ROSA (AR650P),kinor,2502
ALFOMBRA SHAGGY PELO BRILLOSO (AR1851B),kinor,3136
ALFOMBRA SHAGGY PELO BRILLOSO (AR1851P/B1),kinor,3136
ALFOMBRA SHAGGY PELO BRILLOSO (AR1851Q/PB),kinor,3136
ALFOMBRA SHAGGY PELO BRILLOSO (AR1851Y),kinor,3136
ALFOMBRA SHAGGY PELO BRILLOSO (AR1851Z),kinor,3136
ALFOMBRA SHAGGY PELO CORTO (AR1851),kinor,3136
ALGODON X  70 G,doncella,255
ALGODON X 140 G,doncella,507
ALGODON X 300 G,doncella,1096
ALGODON X 500 G,doncella,1653
ALGUICIDA X 1 L,sin marca,836
ALGUICIDA X 1 L  (+5 L),sin marca,792
ALGUICIDA X 1 L (+20 L),sin marca,748
ALGUICIDA X 1 L (+50 L),sin marca,704
AMONIACO X  900,odex,549
AMONIACO X 1250,odex,830
ANILINA (COLORES),colores,611
ANIMALITO SORBETE,sin marca,480
ANTI EMPAÑANTE 60 ML,walker,2235
ANTIGRASA GATILLO X 500,odex,912
ANTIGRASA SACHET X 450 CM3,mr musculo,329
ANTIHUMEDAD SACHET X 175,crivea,762
ANTIHUMEDAD SACHET X 350,crivea,1063
ANTIPOLILLAS X 200 G,viance,210
ANTITRANSPIRANTE AERO (FRAGANCIAS) X 150,polyana,725
ANTITRANSPIRANTE AERO (FRAGANCIAS) X 150 ML,nivea,783
ANTITRANSPIRANTE ROLL ON BLACK&WHITE,nivea,477
ANTORCHITA HORNO,sin marca,124
APARATO ELECTRICO 45 NOCHES,fuyi,1206
APARATO ELECTRICO 45 NOCHES,raid,1143
APARATO TABLETAS,mosquitrap,2083
APRESTO AERO,escudo,135
AROMATIZADOR TEXTIL X 150 ML,ambar,476
AROMATIZADOR TEXTIL X 250 ML,saphirus,728
AROMATIZANTE AERO X 265,system,625
AROMATIZANTE AERO X 280,ambar,902
AROMATIZANTE AERO X 280,saphirus,1103
AROMATIZANTE AUTOS ROUTE 66,saphirus,662
AROMATIZANTE GEL,walker,1592
ARRANQUE 15 X 20,rendidor,765
ARRANQUE 15 X 25,rendidor,928
ARRANQUE 20 X 30,rendidor,1423
ARRANQUE 25 X 35,rendidor,1708
ARRANQUE 25 X 35,allegra,1127
ARRANQUE 30 X 40,rendidor,2277
ARRANQUE 30 X 40,allegra,1127
ARRANQUE 35 X 45,allegra,1127
ARRANQUE MINI 15 X 20,rendidor,631
ARRANQUE MINI 15 X 25,rendidor,631
ATOMIZADOR COLOR 110 ML,sin marca,209
AUTOBRILLO T/ECHO LISTO X 1 L,sin marca,595
AUTOBRILLO T/ECHO LISTO X 1 L  (+5 L),sin marca,578
AUTOBRILLO T/ECHO LISTO X 1 L (+20 L),sin marca,560
AUTOBRILLO T/ECHO LISTO X 1 L (+50 L),sin marca,543
AZUFRE 20 X 5,gonzalito,3961
AZUFRE X 5,gonzalito,206
AZUFRE X 50,gonzalito,1645
AZUFRE X 70,calmaso,2242
BACINILLA ADULTO,pop,485
BACINILLA GRANDE,pop,334
BACINILLA MEDIANA,pop,295
BALDE  9 L,pop,550
BALDE  9 L,ecoline,713
BALDE 10 L COLOR,gavaplast,757
BALDE 10 L NEGRO,gavaplast,682
BALDE 11 L,ecoline,829
BALDE 12 L,romyl,1249
BALDE 12 L,pop,643
BALDE 13 L,ecoline,942
BALDE 13 L PREMIUM,colores,1459
BALDE 14 L,pop,778
BALDE CENTRIFUGO AUTOMATICO,sin marca,9375
BALDE CON ESCURRIDOR,romyl,3085
BALDE CON ESCURRIDOR,colores,2795
BALDE CON ESCURRIDOR,ecoline,2030
BANDEJA PVC PASTEL,sin marca,1286
BANQUETA RECTANGULAR,colores,1456
BAÑERA,colores,2678
BARBIJO,sin marca,10
BARBIJO ECO,sin marca,3
BARRAL ALUMINIO,goldar,2341
BARRAL LUJO 1 A 2 M,goldar,3483
BARRAL PINTADO 1 A 2 M,goldar,2729
BARREHOJAS PVC,sin marca,351
BARREHOJAS PVC PROFESIONAL,sin marca,980
BATEA CHICA,misplast,556
BATEA GRANDE,misplast,1483
BATEA MEDIANA,misplast,1214
BOBINA INDUSTRIAL C/PRECORTE 2 X 1200,new pel,5792
BOCHA LIMPIATECHO,homekit,876
BOLITA PERFUMADA,walker,359
BOLS MACETA ECO 18,sin marca,120
BOLS Nº12,taplastic,131
BOLS Nº15,taplastic,153
BOLS Nº18,taplastic,178
BOLS Nº21,taplastic,317
BOLS Nº24,taplastic,594
BOLSA CONSORCIO 60 X 90,bio bag,292
BOLSA CONSORCIO 60 X 90,new pel,205
BOLSA CONSORCIO 60 X 90 X 10,rendidor,187
BOLSA CONSORCIO 80 X 110,bio bag,499
BOLSA CONSORCIO 80 X 110,new pel,409
BOLSA CONSORCIO 80 X 110 X 10,rendidor,383
BOLSA CONSORCIO 90 X 120,bio bag,658
BOLSA CONSORCIO 90 X 120,new pel,471
BOLSA CONSORCIO 90 X 120 X 10,rendidor,646
BOLSA ECOLOGICA 40X45,sin marca,160
BOLSA RESIDUOS 45 X 60,bio bag,130
BOLSA RESIDUOS 45 X 60,new pel,98
BOLSA RESIDUOS 45 X 60 X 20 U,rendidor,185
BOLSA RESIDUOS 50 X 70,bio bag,167
BOLSA RESIDUOS 50 X 70,new pel,124
BOLSA RESIDUOS 50 X 70 X 20 U,rendidor,241
BOLSITA LAVA ROPA ROPA FINA,sin marca,761
BOLSITA PERFUMADA AIR BREEZE,walker,725
BOMBA,sin marca,137
BOMBILLA CRUDA ECO,argen,82
BOMBILLA FUTBOL (112),argen,227
BOMBILLA LISA COLOR (07),argen,92
BOMBILLA LISA NIQUELADA (07),argen,149
BOMBILLA PIEDRITA (111),argen,182
BOTELLA 350 ML COLOR,sin marca,404
BOTELLA 500 ML SPORT,sin marca,223
BOTELLA CILINDRICA 400 CC TAPA FLIP,sin marca,480
BOTELLA CILINDRICA T/BOMBILLA,sin marca,896
BOTELLON 1.8 L,sin marca,653
BOWLS C/TAPA 10 L,misplast,2086
BOWLS C/TAPA 2.6 L,misplast,894
BOWLS C/TAPA 7 L,misplast,1369
BOWLS C/TAPA ENSALADERA 5 L,misplast,1240
BOWLS S/TAPA 2.6 L,misplast,649
BOWLS S/TAPA ENSALADERA 5 L,misplast,779
BOYA HONGO GRANDE,sin marca,540
BOYA HONGO MINI,sin marca,392
BOYA PATITO,sin marca,813
BOYA SATELITE GRANDE,sin marca,1400
BOYA SATELITE MEDIANA,sin marca,901
BOYA SATELITE MINI,sin marca,789
BRILLO FINAL 500 ML,walker,2270
BROCHE MADERA X 12,romyl,350
BROCHE PVC X 12,piragua,294
BROCHE PVC X 12,romyl,350
BROCHE PVC X 12 STAILER,stailer,323
CABO ALUMINIO SACAHOJAS 1.50 M,sin marca,1746
CABO EXTENSIBLE 2 M,la gauchita,7666
CABO EXTENSIBLE 2 M ROMYL,sin marca,1321
CABO EXTENSIBLE 3 M,la gauchita,9810
CABO METAL,la gauchita,1317
CABO METAL,romyl,525
CABO PINO 1.20 M PRIMERA,sin marca,206
CABO PINO 1.50 M,sin marca,436
CABO PINO 1.60 M BARRENDERO,sin marca,637
CABO PINO 2.00 M,sin marca,597
CABO PINO DECORADO 1.20 M,sin marca,217
CAMELLITO X 1  L,sin marca,720
CAMELLITO X 1 L  (+5 L),sin marca,666
CAMISETA BLANCA 30 X 40 (20),rolan,307
CAMISETA BLANCA 40 X 50 (20),rolan,619
CAMISETA BLANCA 45 X 60 (10),rolan,825
CAMISETA BLANCA 50 X 60 (10),rolan,1217
CAMISETA BLANCA 50 X 70 (10),rolan,1414
CAMISETA COLOR 30 X 40 (20),rolan,287
CAMISETA COLOR 40 X 50 (20),rolan,459
CAMISETA COLOR 45 X 60 (10),rolan,972
CANASTA BAÑO,crivea,587
CANASTA BAÑO,glade,332
CANASTO CUADRADO 60 L,colores,4566
CANASTO RECTANGULAR 15 L,colores,1053
CANASTO RECTANGULAR 35 L,colores,1844
CANASTO RECTANGULAR CALADO,colores,4565
CARRITO DE COMPRAS TELA,sin marca,6584
CEBADERA RECARGABLE,brumoline,1253
CEBO CUCARACHAS X 8,cucatrap,1495
CEBO GEL X 6,geltex,672
CEBO HORMIGAS X 250,hortal,790
CEBO RATAS 50 G,ultra plus,427
CENTRIFUGADOR VERDURA,misplast,2378
CEPILLO ANATOMICO MAX,la gauchita,650
CEPILLO ANDEN 40 CM,mapuche,1394
CEPILLO BARRENDERITO,isabella,902
CEPILLO BARRENDERO,isabella,1931
CEPILLO DENTAL COMPACT,oral b,271
CEPILLO DENTAL MAX WHITE X 4,colgate,760
CEPILLO DENTAL NIÑOS X 2,colgate,369
CEPILLO DENTAL TRIPLE ACCION X 2,colgate,488
CEPILLO DENTAL TWISTER X 3,colgate,677
CEPILLO HIDROVIOLIN,samantha,1002
CEPILLO LAVA AUTO,isabella,518
CEPILLO LAVA CAMION,isabella,719
CEPILLO LAVAZAPATILLA,samantha,790
CEPILLO LIMPIA ESPALDA CERDA,romyl,1027
CEPILLO LIMPIA ESPALDA PVC,romyl,633
CEPILLO MANY MANO,samantha,540
CEPILLO PARA BAÑO,asapractic,378
CEPILLO PARA BAÑO C/BASE,asapractic,927
CEPILLO PISO,isabella,496
CEPILLO PLANCHINA,samantha,545
CEPILLO PLANCHITA,isabella,324
CEPILLO PLANCHITA,la gauchita,518
CEPILLO PUELCHE,cs,358
CEPILLO ROPA,asapractic,382
CEPILLO SAMY MANO,samantha,503
CEPILLO UÑAS,romyl,306
CEPILLO WC C/BASE,la gauchita,1265
CEPY BUS,samantha,1144
CERA LIQUIDA AUTO 500 ML,walker,1433
CERA NATURAL X 1 L,sin marca,646
CERA NATURAL X 1 L  (+5 L),sin marca,627
CERA NATURAL X 1 L (+20 L),sin marca,608
CERA NATURAL X 1 L (+50 L),sin marca,589
CERA NEGRA X 1 L,sin marca,782
CERA NEGRA X 1 L  (+5 L),sin marca,759
CERA NEGRA X 1 L (+20 L),sin marca,736
CERA NEGRA X 1 L (+50 L),sin marca,713
CERA PISO PLASTIFICADO/FLOTANTE X 1 L,sin marca,918
CERA PISO PLASTIFICADO/FLOTANTE X 1 L  (+5 L),sin marca,891
CERA PISO PLASTIFICADO/FLOTANTE X 1 L (+20 L),sin marca,864
CERA PISO PLASTIFICADO/FLOTANTE X 1 L (+50 L),sin marca,837
CERA POLISH,walker,1614
CERA ROJA X 1 L,sin marca,782
CERA ROJA X 1 L  (+5 L),sin marca,759
CERA ROJA X 1 L (+20 L),sin marca,736
CERA ROJA X 1 L (+50 L),sin marca,713
CESTO CALADO C/TAPA GRANDE,romyl,2950
CESTO PEDAL  7 L,plastic house,2671
CESTO PEDAL 12 L,plastic house,3583
CESTO PEDAL 16 L,colores,3558
CESTO PEDAL COLOR,gavaplast,3665
CESTO PEDAL NEGRO,gavaplast,3353
CESTO ROPA CHICO (23 L),romyl,1688
CESTO ROPA REDONDO CALADO,colores,2801
CESTO VAIVEN 3 L,la gauchita,1583
CESTO VAIVEN 6 L,la gauchita,2266
CHISPERO CORTO,sin marca,621
CHISPERO LARGO,sin marca,897
CHORIZO PUERTA,sin marca,527
CHORIZO PUERTA CUERO,sin marca,603
CHORIZO PUERTA DOBLE,sin marca,1229
CINTA EMBALAJE 48 MM X 80 MTS,sin marca,728
CLARIFICADOR X 1 L,sin marca,836
CLARIFICADOR X 1 L  (+5 L),sin marca,792
CLARIFICADOR X 1 L (+20 L),sin marca,748
CLARIFICADOR X 1 L (+50 L),sin marca,704
CLORO GRANULADO LENTO X 1 K,tecnoclor,3930
CLORO GRANULADO RAPIDO X 1 K,tecnoclor,3845
CLORO X 1 L,sin marca,158
CLORO X 1 L  (+5 L),sin marca,150
CLORO X 1 L (+20 L),sin marca,146
CLORO X 1 L (+50 L),sin marca,140
COLA PASTAS GRANDE,misplast,676
COMBO CONTENEDOR,hechicera,1169
COMEDERO CHICO,gemplast,269
COMEDERO GRANDE,gemplast,1092
COMEDERO MEDIANO,gemplast,680
COMPOTERA PVC,sin marca,322
CONSERVADORA 15 L,gemplast,10983
CONSERVADORA 34 L,gemplast,15011
CONTENEDOR MULTIUSO 1.5 L,i.p.r.o,315
CONTENEDOR MULTIUSO 1.8 L,i.p.r.o,472
CONTENEDOR MULTIUSO 12 L,i.p.r.o,1444
CONTENEDOR MULTIUSO 15 L,i.p.r.o,1845
CONTENEDOR MULTIUSO 4 L,i.p.r.o,615
CONTENEDOR MULTIUSO 8 L,i.p.r.o,1073
CONTENEDOR REDONDO 10 L,misplast,1719
CONTENEDOR REDONDO 4.2 L,misplast,1361
COPA PVC,misplast,684
CORTA UÑAS CHICO,sin marca,318
CORTA UÑAS GRANDE,sin marca,357
CORTA UÑAS MEDIANO,sin marca,338
CORTINA BAÑO DOBLE,goldar,1569
CORTINA BAÑO NYLON,goldar,819
CORTINA BAÑO SIMPLE 1.80 X 1.80 M,tive,603
CORTINA ROLLITO,sin marca,676
CORTINA TIRITA 80 CM,sin marca,1267
CREMA ALOE&VERA X 125 ML,nivea,762
CREMA HIDRATACION X 250 ML,nivea,922
CREMA LATA X  60 ML,nivea,592
CREMA LATA X 150 ML,nivea,1044
CREMA MANTECA&KARITE X 125 ML,nivea,761
CREMA MILK X 125 ML,nivea,719
CREMA X 125 ML,hinds,679
CREMA X 250 ML,hinds,1228
CUBETERA X 2,gemplast,557
CUBIERTERO PVC,misplast,884
CUBO,walker,1672
CURITAS X 8,curitas,124
DENTIFRICO LUMINOUS (CARBON) X 70,colgate,775
DENTIFRICO NIÑOS X 75,oral b,425
DENTIFRICO TOTAL 12 X 90,colgate,813
DENTIFRICO TRIPLE X 90,kolynos,438
DENTIFRICO X 50,odolito,350
DENTIFRICO X 70 4 EN 1,oral b,313
DENTIFRICO X 70 ORIGINAL,colgate,481
DENTIFRICO X 90 NATURAL,colgate,538
DERRIBANTE LISTO X 1 L,sin marca,316
DERRIBANTE LISTO X 1 L  (+5 L),sin marca,300
DERRIBANTE LISTO X 1 L (+20 L),sin marca,269
DERRIBANTE PURO (1+20) X 1 L,sin marca,5692
DERRIBANTE PURO (1+20) X 1 L (+5 L),sin marca,5059
DESENGRASANTE AMONIACAL LISTO X 1 L,sin marca,219
DESENGRASANTE AMONIACAL LISTO X 1 L  (+5 L),sin marca,201
DESENGRASANTE AMONIACAL LISTO X 1 L (+20 L),sin marca,193
DESENGRASANTE AMONIACAL LISTO X 1 L (+50 L),sin marca,175
DESENGRASANTE AMONIACAL PURO (1+40) X 1 L,sin marca,8050
DESENGRASANTE AMONIACAL PURO (1+40) X 1 L (+5 L),sin marca,7700
DESENGRASANTE COCINA 500 ML,walker,2152
DESENGRASANTE CON LAVANDINA X 1 L,sin marca,544
DESENGRASANTE CON LAVANDINA X 1 L  (+5 L),sin marca,528
DESENGRASANTE CON LAVANDINA X 1 L (+20 L),sin marca,512
DESENGRASANTE CON LAVANDINA X 1 L (+50 L),sin marca,496
DESENGRASANTE MOTORES 500 ML,walker,1792
DESENGRASANTE MR MUSCULO LISTO X 1 L,sin marca,316
DESENGRASANTE MR MUSCULO LISTO X 1 L  (+5 L),sin marca,299
DESENGRASANTE MR MUSCULO LISTO X 1 L (+20 L),sin marca,290
DESENGRASANTE MR MUSCULO LISTO X 1 L (+50 L),sin marca,282
DESINFECTANTE AERO X 270,odex,500
DESINFECTANTE AERO X 360,odex,563
DESINFECTANTE AERO X 360,lysoform,814
DESINFECTANTE AUTO X 240,walker,998
DESINFECTANTE SACHET X 420,lysoform,240
DESODORANTE AMB AERO (FRAGANCIAS) X 360 CM3,glade,501
DESODORANTE PISO (FRAGANCIAS) X 1 L,sin marca,91
DESODORANTE PISO (FRAGANCIAS) X 1 L (+5 L),sin marca,84
DESTAPA CAÑO X 1 L,sin marca,211
DESTAPA CAÑO X 1 L (+5 L),sin marca,186
DETERGENTE ECO X 1 L,sin marca,234
DETERGENTE ECO X 1 L  (+5 L),sin marca,227
DETERGENTE ECO X 1 L (+20 L),sin marca,220
DETERGENTE ECO X 1 L (+50 L),sin marca,212
DETERGENTE T/MAGISTRAL X 1 L,sin marca,377
DETERGENTE T/MAGISTRAL X 1 L  (+5 L),sin marca,356
DETERGENTE T/MAGISTRAL X 1 L (+20 L),sin marca,349
DETERGENTE T/MAGISTRAL X 1 L (+50 L),sin marca,339
DIFUSOR AUTOMATICO,saphirus,2828
DIFUSOR VARILLAS (FRAGANCIAS),saphirus,1089
DISPENSER JABON,misplast,805
ECCOLE 9 G,eccole,1842
ELECTRIC KIT COMPLETO,walker,3579
EMBUDO 16 CM,sin marca,295
EMBUDO CHICO,sin marca,64
EMBUDOS KIT X 4,misplast,447
EMULSION ACRILICA,acrylpo,1260
EMULSION SILICONA 500 ML,walker,3183
ENCENDEDOR,shark,194
ENCENDEDOR COMUN,sin marca,169
ENCENDEDOR GRANDE,bic,648
ENCENDEDOR MINI,bic,460
ENSALADERA CUADRADA 2.5 L,misplast,495
ENSALADERA FACETADA CHICA 1 L,misplast,300
ENSALADERA FACETADA GRANDE 3.5 L,misplast,621
ENSALADERA FACETADA MEDIANA 2 L,misplast,417
ENSALADERA REDONDA 2 L,misplast,391
ENSALADERA REDONDA 2.5 L,misplast,471
ENVASE CON ATOMIZADOR X 1/4 L,sin marca,289
ENVASE CON ATOMIZADOR X 200 ML,sin marca,217
ENVASE CON GATILLO X 1/2 L,sin marca,310
ENVASE CON GATILLO X 475,sin marca,332
ENVASE CON TAPA CLICK X 200 ML,sin marca,85
ENVASE CON TAPA X 1 L,sin marca,144
ENVASE CON TAPA X 1/2 L,sin marca,138
ENVASE CON TAPA X 1/4 L,sin marca,112
ENVASE CON TAPA X 5 L,sin marca,206
ENVASE HEXAGONAL CON BOMBA X 330 ML,sin marca,245
ENVASE HEXAGONAL CON TAPA X 330 ML,sin marca,129
ESCARBADIENTE X 1,romyl,203
ESCARBADIENTE X 12,desafio,1400
ESCARBADIENTE X 18,romyl,3295
ESCENCIA AQUA X  1/4 L,sin marca,1395
ESCENCIA AQUA X 1 L,sin marca,4587
ESCENCIA AQUA X 1 L (+5 L),sin marca,4339
ESCENCIA ARPEGE X  1/4 L,sin marca,1232
ESCENCIA ARPEGE X 1 L,sin marca,4053
ESCENCIA ARPEGE X 1 L (+5 L),sin marca,3834
ESCENCIA BEBE X  1/4 L,sin marca,1406
ESCENCIA BEBE X 1 L,sin marca,4623
ESCENCIA BEBE X 1 L (+5 L),sin marca,4373
ESCENCIA CHERRY X  1/4 L,sin marca,1251
ESCENCIA CHERRY X 1 L,sin marca,4115
ESCENCIA CHERRY X 1 L (+5 L),sin marca,3893
ESCENCIA CHICLE X  1/4 L,sin marca,1293
ESCENCIA CHICLE X 1 L,sin marca,4254
ESCENCIA CHICLE X 1 L (+5 L),sin marca,4024
ESCENCIA CITRONELA X  1/4 L,sin marca,1188
ESCENCIA CITRONELA X 1 L,sin marca,3907
ESCENCIA CITRONELA X 1 L (+5 L),sin marca,3696
ESCENCIA COCO X  1/4 L,sin marca,1420
ESCENCIA COCO X 1 L,sin marca,4670
ESCENCIA COCO X 1 L (+5 L),sin marca,4418
ESCENCIA COLONIA X  1/4 L,sin marca,1448
ESCENCIA COLONIA X 1 L,sin marca,4762
ESCENCIA COLONIA X 1 L (+5 L),sin marca,4505
ESCENCIA CONIGLIO X  1/4 L,sin marca,1251
ESCENCIA CONIGLIO X 1 L,sin marca,4115
ESCENCIA CONIGLIO X 1 L (+5 L),sin marca,3893
ESCENCIA FLORAL X  1/4 L,sin marca,1209
ESCENCIA FLORAL X 1 L,sin marca,3977
ESCENCIA FLORAL X 1 L (+5 L),sin marca,3762
ESCENCIA JAZMIN X  1/4 L,sin marca,1293
ESCENCIA JAZMIN X 1 L,sin marca,4254
ESCENCIA JAZMIN X 1 L (+5 L),sin marca,4024
ESCENCIA LAVANDA X  1/4 L,sin marca,1144
ESCENCIA LAVANDA X 1 L,sin marca,3762
ESCENCIA LAVANDA X 1 L (+5 L),sin marca,3558
ESCENCIA LIMON X  1/4 L,sin marca,1237
ESCENCIA LIMON X 1 L,sin marca,4068
ESCENCIA LIMON X 1 L (+5 L),sin marca,3848
ESCENCIA LYSOFORM X  1/4 L,sin marca,1154
ESCENCIA LYSOFORM X 1 L,sin marca,3796
ESCENCIA LYSOFORM X 1 L (+5 L),sin marca,3591
ESCENCIA MARINA X  1/4 L,sin marca,1057
ESCENCIA MARINA X 1 L,sin marca,3477
ESCENCIA MARINA X 1 L (+5 L),sin marca,3289
ESCENCIA PINO X  1/4 L,sin marca,813
ESCENCIA PINO X 1 L,sin marca,2672
ESCENCIA PINO X 1 L (+5 L),sin marca,2528
ESCENCIA PROCENEX X  1/4 L,sin marca,1184
ESCENCIA PROCENEX X 1 L,sin marca,3893
ESCENCIA PROCENEX X 1 L (+5 L),sin marca,3683
ESCENCIA VAINILLA X  1/4,sin marca,1364
ESCENCIA VAINILLA X 1 L,sin marca,4484
ESCENCIA VAINILLA X 1 L (+5 L),sin marca,4242
ESCOBA ATHENA,samantha,919
ESCOBA DOBLE BARRIDO,samantha,1366
ESCOBA EXTERIORES,asapractic,671
ESCOBA INVENCIBLE,samantha,1495
ESCOBA PAJA ECO,sin marca,780
ESCOBA PAJA GRANDE,sin marca,2795
ESCOBA PAJA NIÑOS,sin marca,1040
ESCOBA RINCONERA,samantha,1164
ESCOBA SOPHIA,samantha,1357
ESCOBA SUPER,samantha,1347
ESCOBA T/EXTERIOR,hechicera,1141
ESCOBA T/SUPER,hechicera,1232
ESCOBETA ALICIA,da silva,433
ESCOBETA AMARU,cs,499
ESCOBETA ARAUCANA,cs,598
ESCOBETA AZTECA,cs,498
ESCOBETA CLAUDIA,da silva,541
ESCOBETA MODENA,isabella,490
ESCOBILLA BAÑO C/VASO,homekit,897
ESCOBILLA BAÑO WC,homekit,488
ESCOBILLA CON BASE,hechicera,904
ESCOBILLON 4 H,da silva,433
ESCOBILLON ANA,isabella,787
ESCOBILLON ANDEN X 60,samantha,3413
ESCOBILLON ANDREA,da silva,590
ESCOBILLON ANTONIA,cs,526
ESCOBILLON CARAMELO,isabella,787
ESCOBILLON CLARISA,samantha,1365
ESCOBILLON CONGO,homekit,685
ESCOBILLON CURVO,asapractic,1069
ESCOBILLON DASGAL,da silva,708
ESCOBILLON DIAGUITA,cs,556
ESCOBILLON DRAGON,homekit,813
ESCOBILLON FEDE,da silva,649
ESCOBILLON FLORINDA,cs,652
ESCOBILLON GALDAS,da silva,708
ESCOBILLON GIANNA,isabella,787
ESCOBILLON GRANDE,la gauchita,1439
ESCOBILLON GUARANI CURVO,cs,610
ESCOBILLON GUIDO,isabella,439
ESCOBILLON GUMER,da silva,590
ESCOBILLON HUARPE,cs,598
ESCOBILLON INCA,cs,652
ESCOBILLON INTERIOR LAQUEADO,homekit,998
ESCOBILLON INTERIORES,asapractic,692
ESCOBILLON IRIZAR,cs,479
ESCOBILLON ITALY,samantha,1394
ESCOBILLON JOSE,isabella,644
ESCOBILLON LAQUEADO,la gauchita,1105
ESCOBILLON LAURA,samantha,970
ESCOBILLON LAURITA,samantha,859
ESCOBILLON LINEA MORA,homekit,814
ESCOBILLON MARTIN,da silva,650
ESCOBILLON MULTIUSO,asapractic,831
ESCOBILLON NERON,isabella,699
ESCOBILLON NICO,da silva,429
ESCOBILLON ORENCE,da silva,706
ESCOBILLON PALERMO,isabella,565
ESCOBILLON PUCARA,cs,726
ESCOBILLON REINA,samantha,948
ESCOBILLON SAMIASI,isabella,565
ESCOBILLON SIKU,cs,598
ESCOBILLON SUPER PALERMO,isabella,644
ESCOBILLON TEHUELCHE,cs,684
ESCOBILLON TITAN,isabella,699
ESCOBIN ECO,isabella,216
ESCURRIDOR CUBIERTOS,sin marca,744
ESCURRIDOR LAMPAZO,sin marca,393
ESPEJO Nº 1,sin marca,487
ESPEJO Nº 2,sin marca,581
ESPEJO Nº 3,sin marca,934
ESPEJO Nº 4,sin marca,1343
ESPIRAL COLECTIVA 12 X 4,fuyi,1390
ESPIRAL COLECTIVA 12 X 4,raid,1398
ESPIRAL VERDE 50 X 4,gorrion,2634
ESPIRAL VERDE X 12,gorrion,270
ESPIRAL VERDE X 12,fuyi,353
ESPIRAL VERDE X 12,raid,272
ESPIRAL VERDE X 4,mosquitrap,50
ESPIRAL VERDE X 4,gorrion,56
ESPIRAL VIOLETA 50 X 4,gorrion,3505
ESPIRAL VIOLETA X 12,gorrion,297
ESPIRAL VIOLETA X 12,fuyi,309
ESPIRAL VIOLETA X 12,raid,337
ESPIRAL VIOLETA X 4,gorrion,74
ESPONJA ACERO 11 G,economica,127
ESPONJA ACERO 13 G,romyl,157
ESPONJA ACERO 30 G,todoesponja,348
ESPONJA BRONCE 11 G,economica,155
ESPONJA BRONCE 13 G,romyl,203
ESPONJA BRONCE 30 G,todoesponja,475
ESPONJA CUADROS,go!,138
ESPONJA DOBLE USO ACERO,romyl,683
ESPONJA DOBLE USO BRONCE,romyl,748
ESPONJA EXFOLIANTE,boob,354
ESPONJA FIBRA FACIL,romyl,268
ESPONJA FIBRA FACIL ULTRA CHATA,romyl,185
ESPONJA FUERTE,asapractic,154
ESPONJA HUESO,boob,215
ESPONJA INFANTIL,boob,255
ESPONJA LAVA AUTO,reynols,183
ESPONJA LISA LIMPIEZA FACIL,go!,102
ESPONJA MULTIUSO CON FIBRA,asapractic,70
ESPONJA OVAL,boob,172
ESPONJA OVAL CON VEGETAL,boob,676
ESPONJA RECTANGULAR CHICA,boob,94
ESPONJA RECTANGULAR GRANDE,boob,152
ESPONJA REDONDA,boob,172
ESPONJA VEGETAL,boob,385
ESPUMA AFEITAR FOAMY MENTOL X 175 G,gillette,1060
ESPUMA AFEITAR FOAMY REGULAR X 312 G,gillette,1670
ESPUMA AFEITAR FOAMY SENSITIVE X 175 G,gillette,1092
ESTOPA ALGODON,walker,673
ESTROPAJO ACERO 20 G,todoesponja,161
ESTROPAJO PVC 20 G,romyl,204
EXPRIMIDOR,misplast,368
EXTRA POWER COCINA SACHET X 450 CM3,mr musculo,367
FIBRA EXTRA FUERTE,romyl,357
FIBRA VERDE X 2,romyl,485
FIBRAESPONJA ANTIBACTERIAL,romyl,110
FIBRAESPONJA CHATA,romyl,104
FIBRAESPONJA FUERTE,romyl,154
FIBRAESPONJA NO RAYA,go!,100
FIBRAESPONJA PERFILADA,todoesponja,151
FIBRAESPONJA ROMYL,economica,92
FIBRAESPONJA SALVAUÑAS,todoesponja,139
FILTRO BOMBILLA X 10X2,sin marca,1238
FILTRO BOMBILLA X 2,sin marca,172
FILTRO SPAR,reynols,183
FLIT X   1/4 L,sin marca,512
FLIT X  1/2 L,sin marca,957
FLIT X 1 L,sin marca,1848
FLIT X 1 L (+5 L),sin marca,1848
FLIT X 390,gorrion,810
FLOTA FLOTA,sin marca,588
FLUIDO X 390,gorrion,814
FOSFOROS X 222,tres patitos,181
FRANELA EXTRA SUAVE,mr trapo,165
FRANELA NARANJA,reynols,252
FRUTERA ENSALADERA,sin marca,435
FUENTON 12 L,gemplast,857
FUENTON 14 L,colores,1358
FUENTON 14 L,ecoline,843
FUENTON 15 L,pop,800
FUENTON 20 L,pop,988
FUENTON 20 L,colores,1888
FUENTON 20 L,ecoline,1124
FUENTON 22 L,gemplast,1300
FUENTON 24 L,pop,1251
FUENTON 28 L,gemplast,1743
FUENTON 30 L,pop,1619
FUENTON 30 L,colores,2953
FUENTON 30 L,ecoline,1813
FUENTON 40 L,gemplast,2063
FUENTON 54 L,colores,5163
FUENTON 54 L,gemplast,3371
FUENTON 54 L,ecoline,3484
FUENTON 70 L,gemplast,4880
FUENTON OVAL 16 L,pop,977
GANCHO CORTINA BLANCO X 12,goldar,90
GANCHO CORTINA NEGRO X 12,goldar,93
GANCHO MACETA,taplastic,121
GANCHO MACETA ECO,sin marca,43
GATILLO,sin marca,167
GEL FIJADOR NORMAL X 150 G,roby,387
GORRO DUCHA,juani,338
GORRO DUCHA OFERTA,sin marca,66
GUANTE AFELPADO (MEDIDAS),romyl,692
GUANTE TRABAJO,sin marca,398
HERMETICO RECTANGULAR  0.400 L,misplast,358
HERMETICO RECTANGULAR  0.750 L,misplast,420
HERMETICO RECTANGULAR  1.2 L,misplast,507
HERMETICO RECTANGULAR  2 L,misplast,689
HERMETICO RECTANGULAR  3 L,misplast,833
HERMETICO RECTANGULAR  4.5 L,misplast,1016
HERMETICO RECTANGULAR 10 L,misplast,1858
HERMETICO RECTANGULAR 14 L,misplast,2153
HISOPO X 100 U,algabo,499
HISOPO X 100 U ECO,luna azul,351
HISOPO X 75,q soft,492
HORMIGUICIDA POLVO X 250,hortal,1156
HORMIGUICIDA POLVO X 250,harpic,775
HORMIGUICIDA X 120,hortal,1273
HORMIGUICIDA X 60,hortal,903
INFLADOR NEUMATICOS MOTO AERO,walker,3106
INFLADOR SOS AUTO,walker,3817
INSECTICIDA CASA Y JARDIN ESSENCIAL X 360,raid,1394
INSECTICIDA CASA Y JARDIN X 360,raid,1001
INSECTICIDA CASA Y JARDIN X 370,baygon,606
INSECTICIDA CUCA MAX S/OLOR X 360,raid,1342
INSECTICIDA CUCA ULTRA X 370,cucatrap,649
INSECTICIDA CUCA X 300,baygon,591
INSECTICIDA CUCA X 360,selton,715
INSECTICIDA CUCA X 370,cucatrap,590
INSECTICIDA CUCA X 390,raid,805
INSECTICIDA HORMIGAS X 360,raid,1342
INSECTICIDA MMM S/OLOR BONUS X 420,raid,1342
INSECTICIDA MMM S/OLOR X 360,raid,958
INSECTICIDA MMM ULTRA X 370,mosquitrap,649
INSECTICIDA MMM X 270,mosquitrap,472
INSECTICIDA MMM X 300,baygon,592
INSECTICIDA MMM X 360,raid,1120
INSECTICIDA MMM X 360,fuyi,712
INSECTICIDA MMM X 370,mosquitrap,566
INSECTICIDA POLILLAS X 360,raid,906
INSECTICIDA PULGAS X 390,raid,2066
JABON LIQUIDO NETIC X 3 L,netic,2023
JABON LIQUIDO T/ARIEL X 1 L,sin marca,297
JABON LIQUIDO T/ARIEL X 1 L  (+5 L),sin marca,289
JABON LIQUIDO T/ARIEL X 1 L (+20 L),sin marca,280
JABON LIQUIDO T/ARIEL X 1 L (+50 L),sin marca,271
JABON LIQUIDO T/QUERUBIN X 1 L,sin marca,297
JABON LIQUIDO T/QUERUBIN X 1 L  (+5 L),sin marca,289
JABON LIQUIDO T/QUERUBIN X 1 L (+20 L),sin marca,280
JABON LIQUIDO T/QUERUBIN X 1 L (+50 L),sin marca,271
JABON LIQUIDO T/SKIP X 1 L,sin marca,299
JABON LIQUIDO T/SKIP X 1 L  (+5 L),sin marca,290
JABON LIQUIDO T/SKIP X 1 L (+20 L),sin marca,281
JABON LIQUIDO T/SKIP X 1 L (+50 L),sin marca,272
JABON LIQUIDO X 3 L,querubin,3136
JABON LIQUIDO X 900,querubin,948
JABON MANOS (FRAGANCIAS) C/BOMBA X 330 ML,sin marca,426
JABON MANOS (FRAGANCIAS) REPUESTO X 330 ML,sin marca,311
JABON MANOS (FRAGANCIAS) X 1 L,sin marca,452
JABON MANOS (FRAGANCIAS) X 1 L  (+5 L),sin marca,429
JABON MANOS (FRAGANCIAS) X 1 L (+20 L),sin marca,407
JABON MANOS (FRAGANCIAS) X 1 L (+50 L),sin marca,396
JABON PAN BLANCO X 200,astro,230
JABON PAN BLANCO X 200,puloil,209
JABON PAN BLANCO X 300,seiseme,442
JABON PAN C/DETERGENTE X 180,astro,230
JABON PAN CON CITRONELA X 200,astro,230
JABON PAN OCRE X 200,astro,186
JABON PAN VERDE X 200,astro,186
JABON TOCADOR 3 X 125,rexona,737
JABON TOCADOR 3 X 90 G (FRAGANCIAS),qsens,339
JABON TOCADOR ANTIBACTERIAL X 90,aktiol,249
JABON TOCADOR ANTIBACTERIAL X 90,rexona,225
JABON TOCADOR COCONUT 3 X 125 G,nivea,813
JABON TOCADOR COCONUT X 125 G,nivea,306
JABON TOCADOR X 125,polyana,239
JABON TOCADOR X 125 G,lifebuoy,228
JABON TOCADOR X 80,polyana,191
JABONERA CON TAPA,sin marca,215
JARRA 1.750 L,misplast,907
JARRA 1.750 L + 3 VASOS,misplast,914
JARRA CON TAPA 2.25 L,misplast,887
JARRA MEDIDORA,sin marca,395
JARRA PASTEL 2.2 L,sin marca,775
JARRA TRANSPARENTE 2.2 L,sin marca,724
JERINGA CUCARACHAS X 6 G,geltex,825
KIT VERANO,walker,11166
LA GOTITA 2 G,la gotita,736
LA GOTITA GEL 3 G,la gotita,924
LABIAL ORIGINAL CARE,nivea,747
LAMPARA LED 10 W,multiled,439
LAMPARA LED 14 W,multiled,560
LAMPAZO ALGODON BLANCO,romyl,666
LAMPAZO BICOLOR,sin marca,396
LAMPAZO SINTETICO AMARILLO,romyl,860
LANA ACERO X 10 ECO,economica,158
LANA ACERO X 10 ROMYL,romyl,189
LAVA PARABRISAS 250 ML,walker,1431
LAVA PARABRISAS 500 ML,walker,1976
LAVA PARABRISAS CONCENTRADO 120 ML,walker,954
LAVA PARABRISAS CONCENTRADO 50 ML,walker,658
LAVANDINA GEL X 1 L,sin marca,612
LAVANDINA GEL X 1 L  (+5 L),sin marca,594
LAVANDINA GEL X 1 L (+20 L),sin marca,576
LAVANDINA GEL X 1 L (+50 L),sin marca,558
LAVANDINA ROPA BLANCA X 1 L,sin marca,527
LAVANDINA ROPA BLANCA X 1 L  (+5 L),sin marca,512
LAVANDINA ROPA BLANCA X 1 L (+20 L),sin marca,496
LAVANDINA ROPA BLANCA X 1 L (+50 L),sin marca,481
LAVANDINA ROPA COLOR X 1 L,sin marca,714
LAVANDINA ROPA COLOR X 1 L  (+5 L),sin marca,693
LAVANDINA ROPA COLOR X 1 L (+20 L),sin marca,672
LAVANDINA ROPA COLOR X 1 L (+50 L),sin marca,651
LAVANDINA X 1 L,sin marca,79
LAVANDINA X 1 L  (+5 L),sin marca,76
LAVANDINA X 1 L (+ 20 L),sin marca,75
LAVANDINA X 1 L (+50 L),sin marca,73
LIMPIA BAÑO GATILLO X 500,odex,912
LIMPIA BAÑO POWER X 1 L,sin marca,496
LIMPIA BAÑO POWER X 1 L  (+5 L),sin marca,481
LIMPIA BAÑO POWER X 1 L (+20 L),sin marca,465
LIMPIA BAÑO POWER X 1 L (+50 L),sin marca,450
LIMPIA BAÑO SACHET X 450 CM3,mr musculo,296
LIMPIA BAÑO SACHET X 500,brilyx,111
LIMPIA BAÑO SACHET X 900 CM3,mr musculo,476
LIMPIA CRISTALES 500 ML,walker,2744
LIMPIA MANOS 500 ML,walker,1556
LIMPIA METALES X 255 CM3,venus,746
LIMPIA METALES X 425 CM3,venus,1043
LIMPIA METALES X 900 CM3,venus,1493
LIMPIA MOTOR LISTO X 1 L,sin marca,371
LIMPIA MOTOR LISTO X 1 L  (+5 L),sin marca,361
LIMPIA MOTOR LISTO X 1 L (+20 L),sin marca,352
LIMPIA MOTOR LISTO X 1 L (+50 L),sin marca,342
LIMPIA MOTOR PURO (1+4) X 1 L,sin marca,1520
LIMPIA MOTOR PURO (1+4) X 1 L (+5 L),sin marca,1473
LIMPIA TAPIZADO 275 ML,walker,1670
LIMPIA TAPIZADO GATILLO,walker,1870
LIMPIA TAPIZADO X 1 L,sin marca,612
LIMPIA TAPIZADO X 1 L  (+5 L),sin marca,594
LIMPIA TAPIZADO X 1 L (+20 L),sin marca,576
LIMPIA TAPIZADO X 1 L (+50 L),sin marca,558
LIMPIA VIDRIOS,la gauchita,1427
LIMPIA VIDRIOS 20 CM,piragua,473
LIMPIA VIDRIOS 30 CM,piragua,629
LIMPIA VIDRIOS GATILLO X 500,odex,912
LIMPIA VIDRIOS LISTO X 1 L,sin marca,109
LIMPIA VIDRIOS LISTO X 1 L  (+5 L),sin marca,104
LIMPIA VIDRIOS LISTO X 1 L (+20 L),sin marca,96
LIMPIA VIDRIOS LISTO X 1 L (+50 L),sin marca,94
LIMPIA VIDRIOS MAX,la gauchita,1881
LIMPIA VIDRIOS PURO (1+9) X 1 L,sin marca,832
LIMPIA VIDRIOS PURO (1+9) X 1 L (+5 L),sin marca,806
LIMPIA VIDRIOS SACHET X 500,brilyx,111
LIMPIADOR CREMOSO LAVANDA X 500,odex,699
LIMPIADOR CREMOSO ORIGINAL X 500,odex,699
LIMPIADOR T/CIF X 1 L,sin marca,1008
LIMPIADOR T/CIF X 1 L  (+5 L),sin marca,975
LIMPIADOR T/CIF X 1 L (+20 L),sin marca,943
LIMPIADOR T/CIF X 1 L (+50 L),sin marca,910
LIMPIAHORNOS AERO X 360,mr musculo,724
LINTERNA CHICA,sin marca,243
LINTERNA GRANDE,sin marca,284
LUBRICANTE AERO,escudo,1061
LUSTRAMUEBLE AERO LAVANDA X 360,ceramicol,686
LUSTRAMUEBLE AERO LAVANDA X 360,blem,846
LUSTRAMUEBLE AERO NARANJA X 360,blem,850
LUSTRAMUEBLE AERO ORIGINAL X 420,blem,846
MACETA AZTECA TEJA 15,gemplast,789
MACETA AZTECA TEJA 20,gemplast,1899
MACETA AZTECA TEJA 30,gemplast,3087
MACETA AZTECA TEJA 40,gemplast,4588
MACETA BABILONIA TEJA 15,gemplast,217
MACETA BABILONIA TEJA 20,gemplast,324
MACETA BABILONIA TEJA 25,gemplast,444
MACETA BABILONIA TEJA 35,gemplast,775
MACETA BABILONIA TEJA 45,gemplast,1295
MACETA BABILONIA TEJA 55,gemplast,1960
MACETA BABILONIA TEJA 65,gemplast,3060
MACETA ECO  6,sin marca,26
MACETA ECO  8,sin marca,33
MACETA ECO 10,sin marca,53
MACETA ECO 12,sin marca,74
MACETA ECO 14,sin marca,120
MACETA EDEN TEJA 10,gemplast,174
MACETA EDEN TEJA 12,gemplast,228
MACETA EDEN TEJA 14,gemplast,316
MACETA EDEN TEJA 16,gemplast,479
MACETA EDEN TEJA 18,gemplast,540
MACETA EDEN TEJA 20,gemplast,635
MACETA EDEN TEJA 22,gemplast,658
MACETA EDEN TEJA 25,gemplast,888
MACETA EDEN TEJA 30,gemplast,1500
MACETA EDEN TEJA 35,gemplast,1902
MACETA EDEN TEJA 40,gemplast,3465
MACETA EDEN TEJA 45,gemplast,4010
MACETA EDEN TEJA 55,gemplast,6774
MACETA HOLANDA COLOR  8,gemplast,132
MACETA HOLANDA COLOR 10,gemplast,164
MACETA HOLANDA COLOR 12,gemplast,224
MACETA HOLANDA COLOR 14,gemplast,310
MACETA HOLANDA COLOR 16,gemplast,406
MACETA HOLANDA COLOR 18,gemplast,504
MACETA HOLANDA COLOR 20,gemplast,584
MACETA HOLANDA COLOR 22,gemplast,673
MACETA HOLANDA COLOR 24,gemplast,828
MACETA HOLANDA COLOR 30,gemplast,1450
MACETA HOLANDA COLOR 40,gemplast,2827
MACETA JARDINERA Nº35,taplastic,650
MACETA JARDINERA Nº45,taplastic,987
MACETA JARDINERA Nº55,taplastic,1559
MACETA JARDINERA Nº65,taplastic,2494
MACETA PLASTICA 12,anka,167
MACETA PLASTICA 16,anka,396
MACETA ROCIO Nº12,taplastic,119
MACETA ROCIO Nº14,taplastic,170
MACETA ROCIO Nº17,taplastic,293
MACETA ROCIO Nº19,taplastic,386
MACETA ROCIO Nº21,taplastic,447
MACETA ROCIO Nº24,taplastic,599
MACETA ROCIO Nº30,taplastic,1164
MACETA ROCIO Nº35,taplastic,1810
MACETA VERSALLES TEJA 10,gemplast,291
MACETA VERSALLES TEJA 15,gemplast,368
MACETA VERSALLES TEJA 20,gemplast,671
MACETA VERSALLES TEJA 25,gemplast,1058
MACETA VERSALLES TEJA 30,gemplast,1981
MACETA VERSALLES TEJA 35,gemplast,3231
MACETA VERSALLES TEJA 50,gemplast,6787
MAGIC,walker,1656
MAMADERA BOCA ANCHA (139),sin marca,1192
MAMADERA COLOR (139),sin marca,511
MAMADERA DELFIN (127),sin marca,440
MAMADERA OPACA LISA (122),sin marca,402
MANGUERA 1/2,el fabu,1530
MANGUERA REFORZADA 1/2,el fabu,1788
MANOPLA CON VEGETAL PERSONAL,boob,436
MANOPLA EXFOLIANTE,quico,455
MANTECA CACAO ECO,sin marca,217
MANTEL VINILICO 1.40 X 1.80 M,goldar,902
MANTENIMIENTO POZO SEPTICO X 70 G,bio clin,1378
MAXI ROLLO X 8,new pel,3132
MINI BOWLS,misplast,322
MINI CUBO,walker,899
MINI LATA 40 G,walker,1197
MOPA CON ROCIADOR,sin marca,3375
ORGANIZADOR 42 L,colores,7099
ORGANIZADOR 82 L,colores,9665
ORGANIZADOR COCINA,misplast,341
PALA BICOMPONENTE CABO METAL,samantha,2097
PALA CLICK,hechicera,348
PALA CLICK CON GOMA,hechicera,430
PALA CON CABO,hechicera,708
PALA CON CABO CON GOMA,hechicera,916
PALA CON CABO CON ROSCA ECO,sin marca,588
PALA CON CABO ECO,sin marca,444
PALA MANO ECO,sin marca,133
PALA MANO REFORZADA,piragua,153
PALANGANA 4 L,pop,334
PALANGANA 4 L,colores,388
PALANGANA 6 L,pop,392
PALANGANA 6 L,colores,469
PALANGANA 9 L,pop,543
PALANGANA 9 L,colores,649
PALANGANA CHICA,gemplast,423
PALANGANA GRANDE,gemplast,593
PALITOS BROCHETS X 25,iberia,378
PALMETA MATAMOSCAS,romyl,130
PANERA CHICA,sin marca,125
PAÑO COCINA COLOR,entresol,104
PAÑO DOBLE CARA,romyl,405
PAÑO MICROFIBRA,delfina,429
PAÑO MICROFIBRA,romyl,676
PAÑO MICROFIBRA AUTO,walker,1494
PAÑO SILICONADO AUTO,walker,2152
PAÑO T/BALLERINA,sin marca,133
PAÑO T/BALLERINA ECO,sin marca,89
PAÑUELO 30 X 12 U,elegante,1154
PAÑUELO DOBLE HOJA X 150,elegante,322
PAPEL 10 X 110 M (1100 M),new pel,5958
PAPEL 10 X 30 M (300 M),new pel,1637
PAPEL 10 X 50 M (500 M),new pel,2705
PAPEL 10 X 70 M (700 M),new pel,3756
PAPEL 10 X 90 M (900 M),new pel,4704
PAPEL 12 X 120 M,new pel,7315
PAPEL 12 X 80 M,new pel,4196
PAPEL 24 X 50 M,new pel,4555
PAPEL BLANCO 10 X 4 X 80 M,new pel,12399
PAPEL BLANCO 12 X 4 X 30 M,new pel,8005
PAPEL BLANCO 4 X 30 M,new pel,781
PAPEL BLANCO 4 X 80 M,new pel,1452
PAPEL CODIGO 1 X 30,new pel,3397
PAPEL CODIGO 10 X 30,new pel,5828
PAPEL CODIGO 5 X 30,new pel,4567
PAPEL DOBLE HOJA 10 X 4,new pel,5710
PAPEL DOBLE HOJA X 30,new pel,7204
PAPEL FUSION 10 X 300 M,new pel,2452
PAPEL JUMBO 8 X 200 M,new pel,7058
PAPEL JUMBO 8 X 300 M,new pel,9565
PAPEL TRIPLE HOJA X 10,new pel,3538
PAPEL TRIPLE HOJA X 12,new pel,3249
PASACERA ECO PLUS,samantha,1580
PASACERA GRANDE,piragua,432
PASACERA JUNIOR,piragua,390
PASTILLA BAÑO,romyl,195
PASTILLA BAÑO (FRAGANCIAS),glade,221
PASTILLA BAÑO CON RED,romyl,315
PASTILLA CLORO 10 X 50 G,tecnoclor,2314
PASTILLA CLORO 200 G,tecnoclor,938
PASTILLA CLORO 5 X 200 G,tecnoclor,4303
PASTILLA CLORO 50 G,tecnoclor,252
PEINE   1 (BOLSILLO),mascardi,75
PEINE  2 (CARTERA),mascardi,75
PEINE  3 (DE COLITA),mascardi,126
PEINE  4 (NAVAJA),mascardi,151
PEINE  5 (PUNTAS PROTEGIDAS),mascardi,252
PEINE  6 (MEDIANO TRAFUL),mascardi,201
PEINE  7 (MEDIALUNA),mascardi,216
PEINE  8 (INVERTIDO),mascardi,201
PEINE  9 (CON MANGO),mascardi,201
PEINE 10 (MOÑITO),mascardi,106
PEINE 11 (ESCALON),mascardi,252
PEINE 12 (GRUESO C/MANGO),mascardi,252
PEINE 13 (GRUESO GRANDE),mascardi,377
PEINE 14 (GRUESO 2 PUNTAS),mascardi,252
PEINE 15 (GRUESO CORTO),mascardi,252
PEINE 16 (DOBLE FILA),mascardi,377
PEINE 17 (SET FAMILIAR),mascardi,755
PEINE 18 (PERFUMADO CORTO),mascardi,377
PEINE 19 (PERFUMADO CON MANGO),mascardi,503
PERCHA ECO X 4,sin marca,215
PERCHAS MULTICOLOR X 4,todoesponja,246
PERCHERO PVC X 2,sin marca,473
PERCHERO PVC X 3,sin marca,583
PERFUME AUTO CONCENTRADO  250 ML,walker,2986
PERFUME AUTO CONCENTRADO 60 ML,walker,1613
PERFUME AUTO ESTRELLITA,walker,358
PERFUME AUTO PINITO,walker,477
PERFUME AUTO PROFESIONAL 500 ML,walker,5372
PERFUMINA (FRAGANCIAS) C/ATOMIZADOR X 1/4 L,sin marca,594
PERFUMINA (FRAGANCIAS) C/ATOMIZADOR X 200 ML,sin marca,431
PERFUMINA (FRAGANCIAS) X 1 L,sin marca,851
PERFUMINA (FRAGANCIAS) X 1 L (+5 L),sin marca,808
PERFUMINA C/ATOM X 200,walker,1112
PILA AA,duracell,417
PILA AA X 4 ECO,sin marca,399
PILA AAA,duracell,417
PILA AAA X 4 ECO,sin marca,452
PINCEL TINTURA CHICO,juani,170
PINCEL TINTURA GRANDE,juani,265
PINTURA MUNDIAL,sin marca,642
PIZZERA PVC,gemplast,1725
PLUMERO 1,sin marca,2240
PLUMERO 1.50 M,sin marca,1664
PLUMERO 2,sin marca,1728
PLUMERO 20,sin marca,960
PLUMERO 24,sin marca,1088
PLUMERO 30,sin marca,1280
PLUMERO ECO Nº 1,sin marca,1901
PLUMERO ECO Nº 2,sin marca,1690
PLUMERO LANA OVEJA MULTICOLOR,sin marca,700
PLUMERO MICROFIBRA,acrylpo,2128
PLUMERO PVC Nº 18,sin marca,1478
PLUMERO PVC Nº 22,sin marca,1549
PLUMERO PVC Nº 30,sin marca,1619
PLUMERO TECHO,la gauchita,962
PLUMERO TECHO BOCHA,romyl,829
POLVO LIMPIADOR X 400,puloil,575
POMADA CALZADO LATA X 37 CC (COLORES),wassington,871
POMADA LIQUIDA (COLORES) 60 CM3,wassington,1111
PORTA CEPILLO DENTAL,sin marca,322
PORTA SACHET,misplast,361
PORTA SACHET ECO,sin marca,166
PRACTI PALA,samantha,516
PRESTOBARBA 3,gillette,472
PRESTOBARBA SENSITIVE,bic,186
PRESTOBARBA ULTRAGRIP 2,gillette,333
PRESTOBARBA VENUS SIMPLY 3,gillette,461
PROTECTOR CORTINA BAÑO VINILICO 40 MC,goldar,790
PROTECTOR DIARIO ANATOMICO C/P X 20,doncella,279
PROTECTOR DIARIO ANATOMICO C/P X 40,doncella,548
PROTECTOR DIARIO ANATOMICO S/P X 20,doncella,279
PROTECTOR DIARIO ANATOMICO S/P X 40,doncella,548
PROTECTOR DIARIO DUO FORMA S/P X 20,doncella,396
PROTECTOR DIARIO RESPIRABLE C/P X 20,doncella,320
PROTECTOR DIARIO RESPIRABLE C/P X 40,doncella,628
PROTECTOR DIARIO RESPIRABLE S/P X 20,doncella,320
PROTECTOR DIARIO RESPIRABLE S/P X 40,doncella,628
QUITA CERA X 1 L,sin marca,663
QUITA CERA X 1 L  (+5 L),sin marca,644
QUITA CERA X 1 L (+20 L),sin marca,624
QUITA CERA X 1 L (+50 L),sin marca,605
QUITA MANCHAS X 1 L,sin marca,425
QUITA MANCHAS X 1 L  (+5 L),sin marca,413
QUITA MANCHAS X 1 L (+20 L),sin marca,400
QUITA MANCHAS X 1 L (+50 L),sin marca,388
QUITA SARRO X 1 L,sin marca,629
QUITA SARRO X 1 L (+5 L),sin marca,611
RATICIDA EXTERIOR (ROJO) X 100 G,brumoline,856
RATICIDA X 200 G,brumoline,1253
RAYADOR MANZANA,sin marca,306
RECIPIENTE REBATIBLE REDONDO 6 L,plastic house,2021
RECIPIENTE REDONDO C/TAPA 14 L,plastic house,1965
REGULADOR PH X 1 L,sin marca,722
REGULADOR PH X 1 L (+5 L),sin marca,684
REJILLA AMERICANA,entresol,80
REJILLA DOBLE,entresol,84
REJILLA DOBLE (COTTON),cotton clean,95
REJILLA ESPONJA ECO,sin marca,166
REJILLA LIVIANA PABILO,entresol,51
REJILLA MULTIUSO,entresol,173
REJILLA PARA AUTOS,reynols,379
REJILLA PESADA,linea 10,527
REJILLA PESADA,todoesponja,346
REJILLA SUPER,entresol,57
REJILLA SUPER LIVIANA,reynols,206
REJILLA SUPER PESADA,linea 10,644
REJILLA SUPER PESADA,romyl,372
RENOVADOR MULTIUSO 400 ML,walker,2092
REPASADOR ALGODON,limar,306
REPASADOR BLANCO CON GUARDAS,juancho,616
REPASADOR COCINA COLOR,linea 10,462
REPASADOR FLUO COLOR (CORAZON),romyl,594
REPASADOR NIDO COLOR,clean tex,266
REPASADOR NIDO DE ABEJA,linea 10,616
REPASADOR TOALLA ESTAMPADO,romyl,590
REPASADOR TOALLA TRICOLOR,romyl,466
REPASADOR TOP GOURMET,top gourmet,634
REPELENTE AERO X 170,aktiol,480
REPELENTE AERO X 170,fuyi,598
REPELENTE AERO X 170,off,789
REPELENTE CREMA X 200,aktiol,396
REPELENTE CREMA X 200,off,530
REPELENTE CREMA X 60,aktiol,270
REPELENTE CREMA X 60,off,399
REPUESTO CANASTA,glade,234
REPUESTO CANASTA 32 G,crivea,441
REPUESTO CUBO,walker,1014
REPUESTO ELECTRIC,walker,1141
REPUESTO ELECTRICO 45 NOCHES,raid,1147
REPUESTO ELECTRICO 45 NOCHES,fuyi,1207
REPUESTO GOMA SECADOR 60 CM,sin marca,736
REPUESTO GOMA SECADOR 80 CM,sin marca,982
REPUESTO SPORT,walker,1327
REPUESTO TERMO 3/4 L,lumilagro,2965
REPUESTO TERMO COMPACTO 1 L,lumilagro,3751
REPUESTO TERMO CON BURBUJA 1 L,lumilagro,3369
REPUESTO TERMO SIN BURBUJA 1 L,lumilagro,2927
REVIVIDOR C/SILICONA LISTO X   1/4 L,sin marca,1295
REVIVIDOR C/SILICONA LISTO X  1/2 L,sin marca,2450
REVIVIDOR C/SILICONA LISTO X 1 L,sin marca,4620
REVIVIDOR C/SILICONA LISTO X 1 L (+5 L),sin marca,4340
REVIVIDOR C/SILICONA NEGRO X   1/4 L,sin marca,694
REVIVIDOR C/SILICONA NEGRO X  1/2 L,sin marca,1313
REVIVIDOR C/SILICONA NEGRO X 1 L,sin marca,2475
REVIVIDOR C/SILICONA NEGRO X 1 L (+5 L),sin marca,2325
REVIVIDOR GEL 250 ML,walker,1427
REVIVIDOR NEGRO 250 ML,walker,1288
REVIVIDOR NEGRO 500 ML,walker,1603
REVIVIDOR NEGRO GEL 500 ML,walker,1334
ROLLO ADHERENTE 100 M,sin marca,1409
ROLLO ADHERENTE 30 M,romyl,338
ROLLO ADHERENTE 30 M,helenita,224
ROLLO ALUMINIO 5 M,romyl,325
ROLLO ALUMINIO 5 M,helenita,238
ROLLO COCINA 4 X 360,new pel,4220
ROLLO COCINA X 8 COD 77,new pel,4753
ROLLO COCINA X 8 SALMON,new pel,4753
ROLLO COD 2000 X 8,new pel,4528
ROLLO PAÑO DOBLE USO,new pel,3988
ROLLO PAPEL MANTECA 38 M,alumax,1931
ROLLO PAPEL MANTECA 5 M,alumax,368
SACAHOJAS,sin marca,1060
SAHUMERIO CASCADA X 10,iluminarte,361
SAHUMERIO HEXAGONAL (FRAGANCIAS),sree vani,342
SAHUMERIO PALO SANTO X 8,sagrada madre,619
SAHUMERIO TRIPLE X 50,bangladesh,1432
SECA PLATOS GRANDE PVC,gemplast,2423
SECADOR ALUMINIO 60 CM,sin marca,2782
SECADOR ALUMINIO 80 CM,sin marca,3434
SECADOR BLANCO X 30,dilon,1248
SECADOR BLANCO X 40,sg,827
SECADOR BLANCO X 40,dilon,1451
SECADOR BLANCO X 50,sg,1040
SECADOR BLANCO X 80,sg,1891
SECADOR DOBLE GOMA AQUA,la gauchita,880
SECADOR DOBLE GOMA ECO X 40,sin marca,358
SECADOR DOBLE GOMA PREMIUM X 40,sin marca,494
SECADOR DOBLE GOMA X 30,la gauchita,771
SECADOR EXTRA FUERTE,isabella,508
SECADOR MAX X 40,la gauchita,794
SECADOR NEGRO X 30,suppy,514
SECADOR NEGRO X 30 ECO,zagoma,340
SECADOR NEGRO X 40,suppy,562
SECADOR NEGRO X 40 ECO,zagoma,358
SECADOR NEGRO X 50,suppy,723
SECADOR NEGRO X 50 ECO,zagoma,460
SECADOR ROJO X 30,sg,679
SECADOR ROJO X 30,suppy,616
SECADOR ROJO X 30 ECO,zagoma,513
SECADOR ROJO X 40,sg,752
SECADOR ROJO X 40,suppy,662
SECADOR ROJO X 40 ECO,zagoma,552
SECADOR ROJO X 50,sg,924
SECADOR ROJO X 50,suppy,805
SECADOR ROJO X 50 ECO,zagoma,700
SECADOR ROJO X 80,sg,1733
SECADOR TWIN X 34,samantha,1386
SECADOR TWIN X 43,samantha,1577
SECADOR X 30,samantha,814
SECADOR X 40,samantha,950
SECADOR X 50,samantha,1230
SECAPLATOS CALADO GRANDE C/BANDEJA,misplast,2703
SECAPLATOS SILICONA PLEGABLE,sin marca,2900
SHAMPOO AUTO C/SILICONA X 1 L,sin marca,647
SHAMPOO AUTO C/SILICONA X 1 L  (+5 L),sin marca,611
SHAMPOO AUTO C/SILICONA X 1 L (+20 L),sin marca,593
SHAMPOO AUTO C/SILICONA X 1 L (+50 L),sin marca,557
SHAMPOO LAVA AUTO 250 ML,walker,1150
SHAMPOO LAVA AUTO 500 ML,walker,1460
SHAMPOO MASCOTA X 1 L,sin marca,792
SHAMPOO MASCOTA X 1 L (+5 L),sin marca,768
SHAMPOO SACHET 10 ML X 24 U,pantene,920
SHAMPOO SACHET 10 ML X 24 U,head&shoulders,690
SHAMPOO SACHET 10 ML X 24 U,sedal,570
SHAMPOO T/PANTENE X 1 L,sin marca,518
SHAMPOO X 190,sedal,475
SHAMPOO X 400,swing,416
SILICONA ACETICA POMO,luxom,182
SILICONA EMULSION 110 ML,walker,1708
SILICONA LIQUIDA 250 ML,walker,2652
SILICONA PERFUMADA 120 ML,walker,1441
SILICONA PERFUMADA AERO,walker,1995
SILLA NIÑOS,colores,2068
SOPAPA CON FUELLE,isabella,592
SOPAPA NEGRA,suppy,358
SOPAPA NEGRA CON CABO,suppy,479
SOPAPA NEGRA CON CABO ECO,zagoma,423
SOPAPA NEGRA ECO,zagoma,283
SOPAPA PVC CON FUELLE ECO,zagoma,384
SOPAPA ROJA,sg,399
SOPAPA ROJA ECO,zagoma,356
SOPAPON,zagoma,505
SUAVIZANTE SACHET FLORES SILVESTRES X 3 L,querubin,2454
SUAVIZANTE SACHET FLORES SILVESTRES X 900,querubin,864
SUAVIZANTE T/CONFORT X 1 L,sin marca,339
SUAVIZANTE T/CONFORT X 1 L  (+5 L),sin marca,310
SUAVIZANTE T/CONFORT X 1 L (+20 L),sin marca,293
SUAVIZANTE T/CONFORT X 1 L (+50 L),sin marca,284
SUAVIZANTE T/VIVERE X 1 L,sin marca,331
SUAVIZANTE T/VIVERE X 1 L  (+5 L),sin marca,303
SUAVIZANTE T/VIVERE X 1 L (+20 L),sin marca,286
SUAVIZANTE T/VIVERE X 1 L (+50 L),sin marca,277
TABLA PICAR CARIOCA CHICA,misplast,690
TABLA PICAR CARIOCA GRANDE,misplast,1433
TABLETA MOSQUITOS X 12,raid,430
TABLETA MOSQUITOS X 16,mosquitrap,413
TABLETA MOSQUITOS X 24,mosquitrap,625
TACHO RESIDUOS   5 L,pop,627
TACHO RESIDUOS  8 L,gemplast,1095
TACHO RESIDUOS  8 L,colores,991
TACHO RESIDUOS  9 L  C/T,plastic house,1464
TACHO RESIDUOS 12 L,pop,1022
TACHO RESIDUOS 12 L,gemplast,1588
TACHO RESIDUOS 12 L,colores,1348
TACHO RESIDUOS 18 L,gemplast,2243
TACHO RESIDUOS 34 L,gemplast,4263
TACHO RESIDUOS 40 L,colores,5709
TACHO RESIDUOS 48 L,gemplast,6195
TACHO RESIDUOS 60 L,colores,8508
TACHO RESIDUOS 68 L,gemplast,8076
TACHO VAIVEN  8 L,colores,1495
TACHO VAIVEN  8 L,gemplast,1476
TACHO VAIVEN 12 L,colores,1933
TACHO VAIVEN 40 L,colores,6489
TACHO VAIVEN 50 L,gemplast,9114
TACHO VAIVEN 50 L,colores,7135
TACHO VAIVEN CUADRADO 6 L,plastic house,1483
TACHO VAIVEN CUADRADO 8 L,plastic house,2192
TACHO VAIVEN REDONDO 2 L,plastic house,1144
TACHO VAIVEN REDONDO 4 L,plastic house,1382
TACHO VAIVEN REDONDO 8 L,plastic house,2192
TALCO EFFICIENT X 100 G,rexona,474
TALCO EFFICIENT X 200 G,rexona,819
TAPA X 1 L,sin marca,17
TAPA X 5 L,sin marca,42
TAPON CEBADOR COMUN,lumilagro,660
TAPON CEBADOR SATURNO,lumilagro,1040
TARRO 5 K,sin marca,595
TARRO 7 K,sin marca,701
TARRO BOCA ANCHA 2300,sin marca,406
TARRO C/OREJA 1700 CC,sin marca,366
TARRO C/OREJA 2700 CC,sin marca,439
TARRO SPAGHETI,sin marca,233
TARRO TAPA CIEGA 650 CC,sin marca,161
TARRO TAPA CIEGA X 1 K,sin marca,188
TAZA DECORADA PVC,sin marca,424
TENDER  8 VARILLAS,sin marca,5305
TENDER  8 VARILLAS CON ALAS,sin marca,5834
TENDER 10 VARILLAS,sin marca,6251
TENDER 10 VARILLAS CON ALAS,sin marca,7223
TENDER 10 VARILLAS CON ALAS CAÑO,sin marca,8834
TENDER 7 VARILLAS,sin marca,4825
TENDER 7 VARILLAS CON ALAS,sin marca,5569
TERMO 278 1 L,lumilagro,3549
TERMO ALFA 1 L,lumilagro,4521
TERMO AMIGO 1 L,lumilagro,3582
TERMO ANIVERSARIO 75 AÑOS 1 L,lumilagro,6163
TERMO CAPRICE 3/4 L,lumilagro,6979
TERMO CRETA 1 L,lumilagro,4845
TERMO CRETA 680 CC,lumilagro,4117
TERMO MATEANDO 1 L,lumilagro,3582
TERMO MILONGA 237 1 L,lumilagro,6327
TERMO MODENA 1 L,lumilagro,6280
TERMO PANDA BOMBA,lumilagro,5930
TERMO SIGMA 1 L,lumilagro,5233
TERMO SOLANA (T0018),lumilagro,7434
TERMO SUPER TERMICA 270 1 L,lumilagro,3782
TERMO TANGO 1 L,lumilagro,6794
TERMO TATU 1 L,lumilagro,4768
TERMO TERRA 1 L,lumilagro,4908
TERMO TERRA 680 CC,lumilagro,3755
TERMO TERRA PASTEL 1 L,lumilagro,5310
TERMO TERRA PASTEL 680 CC,lumilagro,3946
TERMO TROPICAL 2 L (ISOTERMICO),lumilagro,5864
TETINAS X 10,easy mop,578
TOALLA FEM INCONTINENCIA LARGA X 8,doncella,566
TOALLA FEM INCONTINENCIA LEVE X 8,doncella,427
TOALLA FEM INCONTINENCIA MINI X 8,doncella,426
TOALLA FEM NOCTURNA C/A X 16,doncella,693
TOALLA FEM NOCTURNA C/A X 8,doncella,383
TOALLA FEM NORMAL C/A C/P X 8,doncella,239
TOALLA FEM NORMAL C/A S/P X 8,doncella,239
TOALLA FEM NORMAL DUO C/A C/P X 16,doncella,470
TOALLA FEM NORMAL DUO C/A S/P X 16,doncella,470
TOALLA FEM NORMAL S/A S/P X 8,doncella,217
TOALLA FEM TANGA C/A X 8,doncella,282
TOALLA FEM ULTRAFINA C/A X 8,doncella,320
TOALLA FEM ULTRAFINA DUO C/A X 16,doncella,628
TOALLA FEM ULTRAFINA TELA SECA C/A X 8,doncella,322
TOALLA INTERCALADA BLANCA X 2000,new pel,7701
TRAPO BLANCO,clean tex,263
TRAPO BLANCO,cotton clean,242
TRAPO BLANCO CONSORCIO,clean tex,426
TRAPO BLANCO ECO,sin marca,199
TRAPO CONSORCIO,cotton clean,336
TRAPO GRIS,clean tex,263
TRAPO GRIS,cotton clean,242
TRAPO GRIS,julieta,166
TRAPO GRIS CONSORCIO,clean tex,426
TRAPO GRIS ECO,sin marca,149
TRAPO NIDO DE ABEJA,clean tex,275
TRAPO NIDO DE ABEJA BLANCO,cotton clean,309
TRAPO NIDO DE ABEJA CONSORCIO,clean tex,426
TRAPO NIDO DE ABEJA GRIS,cotton clean,309
TRAPO RAYADO,clean tex,263
TRAPO RAYADO,cotton clean,245
TRAPO RAYADO CONSORCIO,clean tex,426
TRAPO T/BALLERINA,sin marca,249
TUPPER CUADRADO 1.5 L (7),sin marca,614
TUPPER OVAL (3),sin marca,673
TUPPER RECTANGULAR 0.750 L (6),sin marca,483
TUPPER RECTANGULAR 1.2 L (5),sin marca,556
TUPPER RECTANGULAR 1.75 L (8),sin marca,673
TUPPER RECTANGULAR 2.5 L (1),sin marca,658
TUPPER REDONDO CHICO (4),sin marca,461
TUPPER REDONDO GRANDE (2),sin marca,541
VASO MEDIDOR,sin marca,336
VELA NOCHE BLANCA X 12,iluminarte,725
VELA NOCHE COLOR X 12,iluminarte,945
VELA PARAFINA X 4 (SANTOS),jc,897
VELA X 4 BLANCA CORTA,relieve,112
VELA X 4 BLANCA LARGA,relieve,189
VELA X 4 CORTA ROJA,relieve,122
VELA X 4 ROJA LARGA,relieve,210
VENENO CUCARACHAS SOBRE,sin marca,172
VIRUTA ACERO X 250 G,romyl,763
W 400 240 ML,walker,1255
W 400 400 ML,walker,1494
WALKER SPORT,walker,1779
YONI,walker,563